/******************************************************************************/
/*            Generated by IBExpert 2024.4.7.1 01/07/2024 17:44:48            */
/******************************************************************************/

SET SQL DIALECT 3;

SET NAMES WIN1252;

SET CLIENTLIB 'C:\Program Files (x86)\Firebird\Firebird_5_0\fbclient.dll';

CREATE DATABASE 'C:\Projetos Delphi\sistema_venda\DADOS.FDB'
USER 'SYSDBA' PASSWORD 'masterkey'
PAGE_SIZE 16384
DEFAULT CHARACTER SET WIN1252 COLLATION WIN1252;

INSERT INTO CLIENTES (ID, NOME_FANTASIA, RAZAO_SOCIAL, CNPJ, ENDERECO, TELEFONE) VALUES (9, 'Tech Solutions', 'Tech Solutions Ltda', '12.345.678/0001-95', 'Av. Paulista, 1000, São Paulo, SP', '(11) 1234-5678');
INSERT INTO CLIENTES (ID, NOME_FANTASIA, RAZAO_SOCIAL, CNPJ, ENDERECO, TELEFONE) VALUES (17, 'Super Mercados', 'Super Mercados Ltda', '98.765.432/0001-99', 'Rua das Flores, 200, Rio de Janeiro, RJ', '(21) 8765-4321');
INSERT INTO CLIENTES (ID, NOME_FANTASIA, RAZAO_SOCIAL, CNPJ, ENDERECO, TELEFONE) VALUES (20, 'Loja de Roupas', 'Loja de Roupas Ltda', '23.456.789/0001-88', 'Av. das Nações, 500, Brasília, DF', '(61) 2345-6789');
INSERT INTO CLIENTES (ID, NOME_FANTASIA, RAZAO_SOCIAL, CNPJ, ENDERECO, TELEFONE) VALUES (21, 'Auto Peças', 'Auto Peças S.A', '34.567.890/0001-77', 'Av. dos Estados, 300, Belo Horizonte', '(31) 3456-7890');
INSERT INTO CLIENTES (ID, NOME_FANTASIA, RAZAO_SOCIAL, CNPJ, ENDERECO, TELEFONE) VALUES (22, 'Livraria Central', 'Livraria Central Ltda', '45.678.901/0001-66', 'Rua da Liberdade, 700, Salvador, BA', '(71) 4567-8901');


COMMIT WORK;

INSERT INTO EXCEPTIONS (ID, "MESSAGE") VALUES (1, 'O campo telefone é obrigatório, favor informe.');
INSERT INTO EXCEPTIONS (ID, "MESSAGE") VALUES (2, 'Já existe um produto cadastrado com essa descrição');
INSERT INTO EXCEPTIONS (ID, "MESSAGE") VALUES (3, 'Já existe um cliente cadastrado para esse CNPJ');
INSERT INTO EXCEPTIONS (ID, "MESSAGE") VALUES (4, 'Este produto já foi adicionado ao pedido');
INSERT INTO EXCEPTIONS (ID, "MESSAGE") VALUES (5, 'O pedido possui itens, não pode ser excluído');
INSERT INTO EXCEPTIONS (ID, "MESSAGE") VALUES (6, 'O produto possui pedidos, não pode ser excluído');
INSERT INTO EXCEPTIONS (ID, "MESSAGE") VALUES (7, 'O cliente possui pedidos, não pode ser excluído');
INSERT INTO EXCEPTIONS (ID, "MESSAGE") VALUES (8, 'O pedido foi finalizado, não pode ser excluído');
INSERT INTO EXCEPTIONS (ID, "MESSAGE") VALUES (9, 'O pedido foi finalizado, não pode ser alterado');
INSERT INTO EXCEPTIONS (ID, "MESSAGE") VALUES (10, 'Já existe um cliente cadastrado com este telefone');


COMMIT WORK;

INSERT INTO PEDIDOS (ID, ID_CLIENTE, VALOR_TOTAL, DATA, STATUS) VALUES (18, 9, 5500, '2024-06-30 21:19:16', 'APROVADO');
INSERT INTO PEDIDOS (ID, ID_CLIENTE, VALOR_TOTAL, DATA, STATUS) VALUES (19, 17, 2500, '2024-06-30 21:40:11', 'APROVADO');
INSERT INTO PEDIDOS (ID, ID_CLIENTE, VALOR_TOTAL, DATA, STATUS) VALUES (20, 20, 600, '2024-06-30 21:49:19', 'AGUARDANDO APROVAÇÃO');
INSERT INTO PEDIDOS (ID, ID_CLIENTE, VALOR_TOTAL, DATA, STATUS) VALUES (21, 21, 300, '2024-06-30 21:50:24', 'NOVO');
INSERT INTO PEDIDOS (ID, ID_CLIENTE, VALOR_TOTAL, DATA, STATUS) VALUES (22, 22, 450, '2024-06-30 21:51:39', 'APROVADO');
INSERT INTO PEDIDOS (ID, ID_CLIENTE, VALOR_TOTAL, DATA, STATUS) VALUES (23, 22, 2150, '2024-07-01 12:23:43', 'NOVO');
INSERT INTO PEDIDOS (ID, ID_CLIENTE, VALOR_TOTAL, DATA, STATUS) VALUES (24, 17, 2500, '2024-07-01 12:24:29', 'NOVO');
INSERT INTO PEDIDOS (ID, ID_CLIENTE, VALOR_TOTAL, DATA, STATUS) VALUES (25, 21, 499.8, '2024-07-01 12:24:54', 'NOVO');
INSERT INTO PEDIDOS (ID, ID_CLIENTE, VALOR_TOTAL, DATA, STATUS) VALUES (26, 9, 3950, '2024-07-01 12:25:37', 'NOVO');


COMMIT WORK;

INSERT INTO PRODUTOS (ID, DESCRICAO, MARCA, PRECO) VALUES (3, 'Notebook', 'Dell', 3500);
INSERT INTO PRODUTOS (ID, DESCRICAO, MARCA, PRECO) VALUES (4, 'Smartphone', 'Samsung', 2000);
INSERT INTO PRODUTOS (ID, DESCRICAO, MARCA, PRECO) VALUES (5, 'Televisão', 'LG', 2500);
INSERT INTO PRODUTOS (ID, DESCRICAO, MARCA, PRECO) VALUES (6, 'Headset', 'HyperX', 300);
INSERT INTO PRODUTOS (ID, DESCRICAO, MARCA, PRECO) VALUES (7, 'Mouse', 'Logitech', 150);


COMMIT WORK;

INSERT INTO PEDIDOS_ITENS (ID, ID_PEDIDO, ID_PRODUTO, QUANTIDADE, VALOR_UNITARIO, VALOR_TOTAL, NUM_ITEM) VALUES (28, 18, 3, 1, 3500, 3500, 2);
INSERT INTO PEDIDOS_ITENS (ID, ID_PEDIDO, ID_PRODUTO, QUANTIDADE, VALOR_UNITARIO, VALOR_TOTAL, NUM_ITEM) VALUES (29, 18, 4, 1, 2000, 2000, 2);
INSERT INTO PEDIDOS_ITENS (ID, ID_PEDIDO, ID_PRODUTO, QUANTIDADE, VALOR_UNITARIO, VALOR_TOTAL, NUM_ITEM) VALUES (30, 19, 5, 1, 2500, 2500, 1);
INSERT INTO PEDIDOS_ITENS (ID, ID_PEDIDO, ID_PRODUTO, QUANTIDADE, VALOR_UNITARIO, VALOR_TOTAL, NUM_ITEM) VALUES (31, 20, 6, 2, 300, 600, 1);
INSERT INTO PEDIDOS_ITENS (ID, ID_PEDIDO, ID_PRODUTO, QUANTIDADE, VALOR_UNITARIO, VALOR_TOTAL, NUM_ITEM) VALUES (33, 21, 7, 2, 150, 300, 1);
INSERT INTO PEDIDOS_ITENS (ID, ID_PEDIDO, ID_PRODUTO, QUANTIDADE, VALOR_UNITARIO, VALOR_TOTAL, NUM_ITEM) VALUES (34, 22, 6, 1, 300, 300, 1);
INSERT INTO PEDIDOS_ITENS (ID, ID_PEDIDO, ID_PRODUTO, QUANTIDADE, VALOR_UNITARIO, VALOR_TOTAL, NUM_ITEM) VALUES (35, 22, 7, 1, 150, 150, 2);
INSERT INTO PEDIDOS_ITENS (ID, ID_PEDIDO, ID_PRODUTO, QUANTIDADE, VALOR_UNITARIO, VALOR_TOTAL, NUM_ITEM) VALUES (36, 23, 4, 1, 2000, 2000, 1);
INSERT INTO PEDIDOS_ITENS (ID, ID_PEDIDO, ID_PRODUTO, QUANTIDADE, VALOR_UNITARIO, VALOR_TOTAL, NUM_ITEM) VALUES (37, 23, 7, 1, 150, 150, 2);
INSERT INTO PEDIDOS_ITENS (ID, ID_PEDIDO, ID_PRODUTO, QUANTIDADE, VALOR_UNITARIO, VALOR_TOTAL, NUM_ITEM) VALUES (38, 24, 5, 1, 2500, 2500, 1);
INSERT INTO PEDIDOS_ITENS (ID, ID_PEDIDO, ID_PRODUTO, QUANTIDADE, VALOR_UNITARIO, VALOR_TOTAL, NUM_ITEM) VALUES (39, 25, 6, 2, 249.9, 499.8, 1);
INSERT INTO PEDIDOS_ITENS (ID, ID_PEDIDO, ID_PRODUTO, QUANTIDADE, VALOR_UNITARIO, VALOR_TOTAL, NUM_ITEM) VALUES (40, 26, 3, 1, 3500, 3500, 1);
INSERT INTO PEDIDOS_ITENS (ID, ID_PEDIDO, ID_PRODUTO, QUANTIDADE, VALOR_UNITARIO, VALOR_TOTAL, NUM_ITEM) VALUES (41, 26, 7, 1, 150, 150, 2);
INSERT INTO PEDIDOS_ITENS (ID, ID_PEDIDO, ID_PRODUTO, QUANTIDADE, VALOR_UNITARIO, VALOR_TOTAL, NUM_ITEM) VALUES (42, 26, 6, 1, 300, 300, 3);


COMMIT WORK;

